
connect 'd:/library_films.fdb' user 'SYSDBA' password 'masterkey';

DELETE FROM FILM_PERSON;
DELETE FROM REQUEST;
DELETE FROM PERSON;
delete FROM CHARACTOR;
delete FROM VIEWER;
DELETE FROM FILM;
delete from FILM_COMPANY;
delete from GENRE;

insert into GENRE (GENRE_ID,TITLE) values (1, 'ACTION');
insert into GENRE (GENRE_ID,TITLE) values (2, 'HORROR');
insert into GENRE (GENRE_ID,TITLE) values (3, 'FICTION');
insert into GENRE (GENRE_ID,TITLE) values (4, 'COMEDY');
insert into GENRE (GENRE_ID,TITLE) values (5, 'ROMANCE');
insert into GENRE (GENRE_ID,TITLE) values (6, 'CRIME');


insert into FILM_COMPANY (FILM_COMPANY_ID,TITLE,YEAR_ESTABLISH,POSITIONING) values (1,'EUROPACORP',1999,'PARIS');
insert into FILM_COMPANY (FILM_COMPANY_ID,TITLE,YEAR_ESTABLISH,POSITIONING) values (2,'FUJISHOJI',1993,'TOKYO');
insert into FILM_COMPANY (FILM_COMPANY_ID,TITLE,YEAR_ESTABLISH,POSITIONING) values (3,'GOTHAM GROUP',1993,'CALIFORNIA');
insert into FILM_COMPANY (FILM_COMPANY_ID,TITLE,YEAR_ESTABLISH,POSITIONING) values (4,'BILL AND BEN PRODUCTIONS',2000,'NEWYORK');
insert into FILM_COMPANY (FILM_COMPANY_ID,TITLE,YEAR_ESTABLISH,POSITIONING) values (5,'COLUMBIA PICTURES',1919,'CALIFORNIA');
insert into FILM_COMPANY (FILM_COMPANY_ID,TITLE,YEAR_ESTABLISH,POSITIONING) values (6,'MARVEL STUDIOS',1993,'CALIFORNIA');
insert into FILM_COMPANY (FILM_COMPANY_ID,TITLE,YEAR_ESTABLISH,POSITIONING) values (7,'DNA FILMS',1983,'UNITED KINGDOM');


insert into VIEWER (VIEWER_ID, NAME, BIRTHDAY, ADRESS, NUMBER_TELEPHONE) values (1,'MAXIM','1995-01-07','LESNAYA','89118567291');
insert into VIEWER (VIEWER_ID, NAME, BIRTHDAY, ADRESS, NUMBER_TELEPHONE) values (2,'TRINHNAM','1992-04-30','AKADEMYTRESKAYA','89118164968');
insert into VIEWER (VIEWER_ID, NAME, BIRTHDAY, ADRESS, NUMBER_TELEPHONE) values (3,'LERA','1995-02-22','LESNAYA','89117771345');
insert into VIEWER (VIEWER_ID, NAME, BIRTHDAY, ADRESS, NUMBER_TELEPHONE) values (4,'KOLIA','1994-09-27','GRAZDANSKY PROSPEKT','89116879485');
insert into VIEWER (VIEWER_ID, NAME, BIRTHDAY, ADRESS, NUMBER_TELEPHONE) values (5,'IANA','1994-06-13','SAINT PETEBURG','89118564567');


insert into FILM(FILM_ID,TITLE,YEAR0,COUNTRY,FILM_COMPANY_ID,GENRE_ID,DURATION,RATING,PRICE) values (1,'THE TRANSPORTER REFUELED',2015,'AMERICA',1,1,96,8,15.0);
insert into FILM(FILM_ID,TITLE,YEAR0,COUNTRY,FILM_COMPANY_ID,GENRE_ID,DURATION,RATING,PRICE) values (2,'THE FINAL CURSE',2015,'JAPAN',2,2,90,9,10);
insert into FILM(FILM_ID,TITLE,YEAR0,COUNTRY,FILM_COMPANY_ID,GENRE_ID,DURATION,RATING,PRICE) values (3,'MAZE RUNNER: THE SCORCH TRIALS',2015,'EURO',3,3,132,9,10);
insert into FILM(FILM_ID,TITLE,YEAR0,COUNTRY,FILM_COMPANY_ID,GENRE_ID,DURATION,RATING,PRICE) values (4,'ABSOLUTELY ANYTHING',2015,'AMERICA',4,4,85,9,0);
insert into FILM(FILM_ID,TITLE,YEAR0,COUNTRY,FILM_COMPANY_ID,GENRE_ID,DURATION,RATING,PRICE) values (5,'007: SPECTRE',2015,'AMERICA',5,1,148,10,0);
insert into FILM(FILM_ID,TITLE,YEAR0,COUNTRY,FILM_COMPANY_ID,GENRE_ID,DURATION,RATING,PRICE) values (6,'ANT-MANT',2015,'AMERICA',6,3,117,10,0);
insert into FILM(FILM_ID,TITLE,YEAR0,COUNTRY,FILM_COMPANY_ID,GENRE_ID,DURATION,RATING,PRICE) values (7,'NEVER LET ME GO',2010,'EURO',7,5,103,6,0);

insert into REQUEST (REQUEST_ID, VIEWER_ID,FILM_ID,PRICE,DATE_SUPPLY_REQUEST) values (1,1,1,15.0,'2015-12-12');
insert into REQUEST (REQUEST_ID, VIEWER_ID,FILM_ID,PRICE,DATE_SUPPLY_REQUEST) values (2,2,2,10.0,'2016-01-09');

insert into CHARACTOR(CHARACTER_ID,ACTOR,DIRECTOR,SOUNDMAN) values (1,1,0,0);
insert into CHARACTOR(CHARACTER_ID,ACTOR,DIRECTOR,SOUNDMAN) values (2,0,1,0);
insert into CHARACTOR(CHARACTER_ID,ACTOR,DIRECTOR,SOUNDMAN) values (3,0,0,1);
insert into CHARACTOR(CHARACTER_ID,ACTOR,DIRECTOR,SOUNDMAN) values (4,1,1,0);
insert into CHARACTOR(CHARACTER_ID,ACTOR,DIRECTOR,SOUNDMAN) values (5,1,0,1);
insert into CHARACTOR(CHARACTER_ID,ACTOR,DIRECTOR,SOUNDMAN) values (6,1,1,1);

insert into PERSON(PERSON_ID,NAME,BIRTHDAY,PLACE_BIRTH,HIGHT,CHARACTER_ID) values (1,'CAMILLE DELAMARRE','1979-08-03','France',185,2);
insert into PERSON(PERSON_ID,NAME,BIRTHDAY,PLACE_BIRTH,HIGHT,CHARACTER_ID) values (2,'ED SKREIN','1983-03-29','ENGLAND',190,1);
insert into PERSON(PERSON_ID,NAME,BIRTHDAY,PLACE_BIRTH,HIGHT,CHARACTER_ID) values (3,'MASAYUKI OCHIAI','1958-07-01', 'JAPAN',181,2);
insert into PERSON(PERSON_ID,NAME,BIRTHDAY,PLACE_BIRTH,HIGHT,CHARACTER_ID) values (4,'AIRI TAIRA','1984-12-12','JAPAN',175,1);
insert into PERSON(PERSON_ID,NAME,BIRTHDAY,PLACE_BIRTH,HIGHT,CHARACTER_ID) values (5,'WES BALL','1980-11-28','AMERICA',180,2);
insert into PERSON(PERSON_ID,NAME,BIRTHDAY,PLACE_BIRTH,HIGHT,CHARACTER_ID) values (6,'DYLAN OBRIEN','1991-08-16','AMERICA',185,1);
insert into PERSON(PERSON_ID,NAME,BIRTHDAY,PLACE_BIRTH,HIGHT,CHARACTER_ID) values (7,'TERRY JONES','1942-02-01','ENGLAND',180,2);
insert into PERSON(PERSON_ID,NAME,BIRTHDAY,PLACE_BIRTH,HIGHT,CHARACTER_ID) values (8,'KATE BECKINSALE','1973-07-26','ENGLAND',180,1);
insert into PERSON(PERSON_ID,NAME,BIRTHDAY,PLACE_BIRTH,HIGHT,CHARACTER_ID) values (9,'SAM MENDES','1965-08-01','ENGLAND',183,2 );
insert into PERSON(PERSON_ID,NAME,BIRTHDAY,PLACE_BIRTH,HIGHT,CHARACTER_ID) values (10,'DANIEL CRAIG','1968-03-02','ENGLAND',187,1);
insert into PERSON(PERSON_ID,NAME,BIRTHDAY,PLACE_BIRTH,HIGHT,CHARACTER_ID) values (11,'PEYTON REED','1964-07-03','AMERICA',190,2);
insert into PERSON(PERSON_ID,NAME,BIRTHDAY,PLACE_BIRTH,HIGHT,CHARACTER_ID) values (12,'PAUL RUDD','1969-04-06','AMERICA',179,1);
insert into PERSON(PERSON_ID,NAME,BIRTHDAY,PLACE_BIRTH,HIGHT,CHARACTER_ID) values (13,'MARK ROMANEK','1989-09-18','AMERICA',180,2);
insert into PERSON(PERSON_ID,NAME,BIRTHDAY,PLACE_BIRTH,HIGHT,CHARACTER_ID) values (14,'KEIRA KNIGHTLEY','1985-03-26','ENGLAND',179,1);

insert into FILM_PERSON (ID,FILM_ID,PERSON_ID) values (1,1,1);
insert into FILM_PERSON (ID,FILM_ID,PERSON_ID) values (2,1,2);
insert into FILM_PERSON (ID,FILM_ID,PERSON_ID) values (3,2,3);
insert into FILM_PERSON (ID,FILM_ID,PERSON_ID) values (4,2,4);
insert into FILM_PERSON (ID,FILM_ID,PERSON_ID) values (5,3,5);
insert into FILM_PERSON (ID,FILM_ID,PERSON_ID) values (6,3,6);
insert into FILM_PERSON (ID,FILM_ID,PERSON_ID) values (7,3,7);
insert into FILM_PERSON (ID,FILM_ID,PERSON_ID) values (8,4,8);
insert into FILM_PERSON (ID,FILM_ID,PERSON_ID) values (9,4,9);
insert into FILM_PERSON (ID,FILM_ID,PERSON_ID) values (10,5,10);
insert into FILM_PERSON (ID,FILM_ID,PERSON_ID) values (11,5,11);
insert into FILM_PERSON (ID,FILM_ID,PERSON_ID) values (12,6,12);
insert into FILM_PERSON (ID,FILM_ID,PERSON_ID) values (13,7,13);
insert into FILM_PERSON (ID,FILM_ID,PERSON_ID) values (14,7,14);









